entry_id,surname,destinations,amplitude,n_reversals,horizontal_cross,transversal_cross,n_struct_total,pV,pH,pT,index,confiance,n_cam,n_occ
235,FARISH,Media,98.9,4,2,3,4,0.964,0.936,0.764,88.8,bonne,8,10
430,LENO,Art+Media,126.3,4,1,5,4,0.982,0.727,0.941,88.3,bonne,9,9
59,BERTRAM,Art+Media,52.0,3,4,3,3,0.836,1.0,0.764,86.7,bonne,7,8
735,WATSON,Media,91.9,3,1,4,4,0.945,0.727,0.9,85.8,bonne,6,6
462,MacDIARMID,Art+Media,46.7,3,2,3,4,0.782,0.936,0.764,82.7,bonne,7,8
222,EDWARDS,Art+Media,89.4,3,1,3,4,0.936,0.727,0.764,80.9,bonne,5,5
549,PATON,Art+Media,47.2,1,1,4,4,0.8,0.727,0.9,80.9,bonne,6,6
339,HOLCROFT,Art+Media,87.7,3,1,3,3,0.927,0.727,0.764,80.6,bonne,7,7
568,RAGG,Art+Media,59.2,2,2,2,2,0.864,0.936,0.555,78.5,bonne,5,5
200,DAVIES,Art+Media,57.6,1,2,2,4,0.855,0.936,0.555,78.2,bonne,6,7
108,BURGESS,Art+Media,26.1,1,2,6,4,0.427,0.936,0.973,77.9,bonne,8,9
725,WALLACE,Art+Media,35.1,1,1,5,4,0.636,0.727,0.941,76.8,bonne,4,7
411,KENNEY,Media,47.7,2,1,3,4,0.809,0.727,0.764,76.7,bonne,11,10
407,KEATING,Art+Media,132.7,7,0,7,4,1.0,0.291,0.995,76.2,bonne,10,13
126,CARDUS,Art+Media,128.3,4,0,7,4,0.991,0.291,0.995,75.9,bonne,7,8
176,COOPER,Media,42.5,2,2,2,4,0.755,0.936,0.555,74.8,bonne,5,5
548,PATERSON,Art+Media,41.0,1,1,3,4,0.714,0.727,0.764,73.5,bonne,5,6
481,MANN,Media,29.6,1,1,5,4,0.523,0.727,0.941,73.0,bonne,7,9
530,MURPHY,Media,28.5,1,2,3,4,0.491,0.936,0.764,73.0,bonne,7,9
111,BURN,Media,64.6,2,1,2,3,0.891,0.727,0.555,72.4,bonne,6,8
688,TAYLOR,Media,64.1,1,2,1,3,0.882,0.936,0.327,71.5,bonne,4,4
768,WILSON,Media,93.5,2,0,4,4,0.955,0.291,0.9,71.5,bonne,7,8
776,WRIGHT,Art+Media,62.2,2,0,6,4,0.873,0.291,0.973,71.2,bonne,5,7
5,ADAMS,Media,47.9,3,1,2,4,0.818,0.727,0.555,70.0,bonne,6,6
676,SUMMERBELL,Media,78.3,3,0,4,4,0.909,0.291,0.9,70.0,bonne,6,6
561,POWELL,Art+Media,31.5,1,1,3,2,0.573,0.727,0.764,68.8,bonne,4,5
353,HOWELL,Media,114.1,2,0,3,3,0.973,0.291,0.764,67.6,bonne,9,9
660,STANLEY,Art+Media,49.0,2,0,4,4,0.827,0.291,0.9,67.3,bonne,5,8
395,JONES,Art+Media,27.5,0,1,3,4,0.477,0.727,0.764,65.6,moyenne,3,6
260,GALTON,Media,38.9,0,0,5,3,0.691,0.291,0.941,64.1,bonne,7,7
350,HORNER,Media,54.8,1,1,1,3,0.845,0.727,0.327,63.3,moyenne,3,5
177,COOPER,Art+Media,44.9,0,0,3,4,0.773,0.291,0.764,60.9,bonne,5,4
368,INMAN,Media,30.2,0,2,1,3,0.536,0.936,0.327,60.0,moyenne,3,4
721,TURNER,Media,41.5,0,1,1,3,0.741,0.727,0.327,59.8,moyenne,3,4
91,BROOKS,Art,41.0,1,0,3,4,0.714,0.291,0.764,58.9,moyenne,3,4
422,LANSBURY,Art+Media,29.2,0,2,1,3,0.505,0.936,0.327,58.9,moyenne,3,6
619,SHAW,Media,80.7,1,0,2,3,0.918,0.291,0.555,58.8,moyenne,3,3
454,LOVETT,Media,38.8,1,0,3,4,0.682,0.291,0.764,57.9,bonne,4,5
572,REAKES,Media,13.1,0,2,2,3,0.245,0.936,0.555,57.9,bonne,6,6
110,BURLAND,Media,38.5,0,0,3,4,0.673,0.291,0.764,57.6,bonne,5,5
374,JACKSON,Media,27.4,0,0,6,4,0.464,0.291,0.973,57.6,bonne,7,9
543,OWEN,Art+Media,69.4,1,1,0,2,0.9,0.727,0.1,57.6,bonne,4,7
647,SOUTTER,Media,38.1,2,1,1,3,0.664,0.727,0.327,57.3,bonne,4,5
13,AMMON,Media,37.6,0,1,1,4,0.655,0.727,0.327,57.0,bonne,4,4
251,FROST,Art+Media,24.2,1,1,2,4,0.409,0.727,0.555,56.4,bonne,4,5
652,SPRING,Art+Media,34.3,1,1,1,3,0.627,0.727,0.327,56.1,bonne,4,4
178,COPPARD,Art,24.1,0,2,1,2,0.395,0.936,0.327,55.3,bonne,9,10
265,GIFFORD,Art+Media,32.2,0,0,3,3,0.6,0.291,0.764,55.2,bonne,4,4
425,LAX,Media,31.6,1,0,3,2,0.586,0.291,0.764,54.7,bonne,4,6
147,CHURCH,Art+Media,43.6,0,0,2,3,0.764,0.291,0.555,53.6,bonne,4,4
521,MORRISON,Art+Media,2.1,0,1,3,3,0.118,0.727,0.764,53.6,bonne,4,5
645,SOMERVILLE,Art+Media,29.6,0,0,3,3,0.523,0.291,0.764,52.6,moyenne,3,4
188,CROLL,Media,41.4,1,1,0,1,0.727,0.727,0.1,51.8,moyenne,3,3
524,MUIR,Art+Media,26.7,0,1,1,4,0.445,0.727,0.327,50.0,moyenne,3,4
466,MacGILL,Art+Media,36.1,0,0,2,4,0.645,0.291,0.555,49.7,moyenne,3,5
518,MOFFAT,Media,26.6,1,0,3,3,0.436,0.291,0.764,49.7,moyenne,3,4
513,MILLER,Art+Media,32.4,0,0,2,3,0.609,0.291,0.555,48.5,moyenne,3,3
706,THOMPSON,Art+Media,24.1,0,1,1,3,0.395,0.727,0.327,48.3,bonne,5,5
620,SHAW,Media,22.7,0,0,3,2,0.382,0.291,0.764,47.9,faible,2,6
214,DUNCAN,Media,18.8,0,1,1,2,0.368,0.727,0.327,47.4,moyenne,3,4
328,HILLOCKS,Media,47.0,0,0,1,4,0.791,0.291,0.327,47.0,moyenne,3,3
596,ROGERS,Media,17.8,0,1,1,3,0.355,0.727,0.327,47.0,faible,2,3
70,BLATCHFORD,Media,17.4,0,0,3,4,0.341,0.291,0.764,46.5,faible,2,5
8,ALDRED,Art+Media,31.3,0,1,0,2,0.559,0.727,0.1,46.2,faible,2,2
537,NUTTALL,Media,16.7,0,0,3,2,0.318,0.291,0.764,45.8,moyenne,3,5
6,AIRD,Media,29.2,0,0,2,2,0.505,0.291,0.555,45.0,moyenne,3,3
255,GALLACHER,Art+Media,15.2,0,1,1,2,0.291,0.727,0.327,44.8,faible,2,3
736,WATSON,Media,15.3,0,2,0,3,0.305,0.936,0.1,44.7,faible,2,3
581,RICKETTS,Media,27.5,0,0,2,2,0.477,0.291,0.555,44.1,moyenne,3,5
529,MURISON,Media,40.6,1,0,1,3,0.7,0.291,0.327,43.9,bonne,5,4
155,CLARKE,Art+Media,27.0,0,0,2,4,0.455,0.291,0.555,43.3,bonne,4,4
238,FARNINGHAM,Art+Media,11.7,1,0,3,3,0.223,0.291,0.764,42.6,bonne,5,6
712,TODD,Art+Media,34.0,0,0,1,3,0.618,0.291,0.327,41.2,faible,2,3
270,GLYDE,Art+Media,6.1,0,1,1,4,0.173,0.727,0.327,40.9,moyenne,3,3
150,CITRINE,Media,18.8,0,0,2,2,0.368,0.291,0.555,40.5,faible,2,4
591,ROBERTS,Media,31.6,0,0,1,3,0.586,0.291,0.327,40.2,bonne,4,5
600,ROWLES,Art+Media,31.3,0,0,1,3,0.559,0.291,0.327,39.2,moyenne,3,3
67,BINNS,Media,0.8,0,1,1,4,0.109,0.727,0.327,38.8,faible,2,3
665,STEWART,Art+Media,31.0,0,0,1,4,0.545,0.291,0.327,38.8,moyenne,3,3
729,WARDLE,Art+Media,15.3,0,0,2,4,0.305,0.291,0.555,38.3,bonne,4,4
114,BURT,Media,41.5,0,0,0,2,0.741,0.291,0.1,37.7,faible,2,2
601,ROYCE,Media,14.9,0,0,2,4,0.282,0.291,0.555,37.6,moyenne,3,3
539,OKEY,Art+Media,0.0,0,0,3,3,0.05,0.291,0.764,36.8,faible,2,4
262,GARRATT,Art+Media,13.4,0,0,2,4,0.255,0.291,0.555,36.7,faible,2,3
632,SMITH,Media,14.8,0,1,0,3,0.273,0.727,0.1,36.7,bonne,4,4
326,HETHERINGTON,Art+Media,13.7,0,1,0,3,0.264,0.727,0.1,36.4,faible,2,2
54,BELL,Art+Media,11.7,1,0,2,2,0.223,0.291,0.555,35.6,moyenne,3,3
278,GOULD,Art,4.9,0,0,2,2,0.155,0.291,0.555,33.3,bonne,4,4
417,KITZ,Media,2.8,0,0,2,3,0.132,0.291,0.555,32.6,faible,2,3
714,TOMLINSEN,Media,17.4,0,0,1,2,0.341,0.291,0.327,32.0,faible,2,2
447,LIVESEY,Art+Media,16.9,0,0,1,3,0.327,0.291,0.327,31.5,moyenne,3,3
337,HOGG,Art,0.0,0,1,0,2,0.05,0.727,0.1,29.2,moyenne,3,3
210,DOTTIE,Media,8.1,0,0,1,2,0.2,0.291,0.327,27.3,faible,2,2
700,THOMPSON,Media,25.6,0,0,0,4,0.418,0.291,0.1,27.0,moyenne,3,3
741,WELCH,Media,2.8,0,0,1,2,0.132,0.291,0.327,25.0,faible,2,2
123,CAMPBELL,Media,0.3,0,0,1,2,0.1,0.291,0.327,23.9,faible,2,2
85,BRIERLEY,Art+Media,0.0,0,0,1,3,0.05,0.291,0.327,22.3,faible,2,3
94,BROWN,Media,0.0,0,0,1,2,0.05,0.291,0.327,22.3,faible,2,3
109,,Art+Media,11.7,0,0,0,1,0.223,0.291,0.1,20.5,faible,2,3
573,REDFERN,Art+Media,11.7,0,0,0,3,0.223,0.291,0.1,20.5,bonne,4,5
62,BETHUNE,Art,6.6,0,0,0,3,0.186,0.291,0.1,19.2,faible,2,2
763,WILSON,Media,6.6,0,0,0,2,0.186,0.291,0.1,19.2,faible,2,3
233,EVETT,Media,5.9,0,0,0,2,0.164,0.291,0.1,18.5,faible,2,2
615,SEXTON,Media,4.4,0,0,0,2,0.145,0.291,0.1,17.9,faible,2,2
86,BRITTON,Art,0.0,0,0,0,2,0.05,0.291,0.1,14.7,faible,2,2
136,CATTON,Media,0.0,0,0,0,2,0.05,0.291,0.1,14.7,faible,2,2
195,CUMMINS,Media,0.0,0,0,0,2,0.05,0.291,0.1,14.7,faible,2,2
370,IRELAND,Media,0.0,0,0,0,3,0.05,0.291,0.1,14.7,faible,2,2
472,M’KAEN,Media,0.0,0,0,0,1,0.05,0.291,0.1,14.7,faible,2,2
649,SPENCER,Media,0.0,0,0,0,2,0.05,0.291,0.1,14.7,faible,2,2
