concept_or_term,kind,freq,n_actors,top_example,hisco,en_hisco,hisclass,hisclass_5,hiscam,match,needs_review
journalist,concept,46,40,journalist,15915,Journalist,2,1,86.98,synonym,
printer,concept,39,25,journeyman printer,92110,"Printer, General",7,3,67.59,synonym,
editor,concept,39,32,editor of Newcastle Weekly Chronicle (1864-19,15920,"Editor, Newspapers and Periodicals",2,1,82.12,synonym,
messenger,concept,32,27,errand-boy,37040,Messenger,9,3,55.72,synonym,
secretary,concept,29,19,organising secretary of Union of Post Office ,21110,General Manager,1,1,84.88,synonym,yes
teacher,concept,27,21,teacher (1907-?),13000,"Teacher, Level and Subject Unknown",2,1,82.44,synonym,
author,concept,26,23,author,15120,Author,2,1,79.8,rescue,yes
clerk,concept,26,17,clerk/storekeeper (1877-85),39310,"Office Clerk, General",5,2,69.59,synonym,yes
(non classé),noise,25,21,1935-44),,,,,,none,yes
lecturer,concept,25,18,lecturer,13000,"Teacher, Level and Subject Unknown",2,1,82.44,synonym,yes
labourer,concept,19,16,navvy,99910,Labourer,11,5,57.34,synonym,
assistant,term,19,17,assistant to brother in plumbing business (17,,,,,,ambiguous,yes
shopkeeper,concept,17,16,Draper’s-boy,41020,Working Proprietor (Wholesale Trade),3,2,81.33,synonym,yes
farm_labourer,concept,16,14,"Variously employed in his youth, including bo",61220,Field Crop Farmer,8,4,50.88,synonym,
salesman,concept,16,12,commercial traveller,43220,Commercial Traveller,4,2,73.55,rescue,yes
union_official,concept,14,12,"held various trade union appointments, includ",21110,General Manager,1,1,84.88,synonym,yes
legislator,concept,14,14,MP (Lab) for North Camberwell (1922-31,20110,Legislative Official,1,1,93.36,synonym,
weaver,concept,14,13,"Worked the bobbin-wheel as a child, soon beco",75430,Cloth Weaver (Hand),9,3,50.74,synonym,
manager,concept,14,12,manager of Yorkshire Factory Times (1889-91),21110,General Manager,1,1,84.88,rescue,yes
shoemaker,concept,12,9,Put to the trade of shoemaking before the age,80110,"Shoemaker, General",7,3,52.83,synonym,
agent,concept,11,10,"Started work in the mines at age 12, and rema",45230,Canvasser,11,5,51.9,synonym,yes
bookseller,concept,9,8,"Bookseller’s apprentice (1837), becoming head",41020,Working Proprietor (Wholesale Trade),3,2,81.33,rescue,yes
minister_religion,concept,9,7,Methodist circuit preacher (1896-1936),14120,Minister of Religion,2,1,97.7,rescue,yes
seaman,concept,8,7,"Went to sea on leaving school, but soon retur",98140,Ordinary Seaman,11,5,52.91,synonym,
compositor,concept,8,8,compositor (for 1 year on Linton’s English Re,92120,Hand Compositor,7,3,61.68,synonym,
engineer,concept,8,6,electrical engineer (to 1914),84170,Office Machinery FitterAssembler,9,3,66.11,synonym,yes
proprietor,concept,7,7,proprietor of the short-run Bawbee (1856) and,41020,Working Proprietor (Wholesale Trade),3,2,81.33,synonym,yes
news_vendor,concept,6,6,newsboy (to 1883),45240,News Vendor,11,5,56.72,synonym,
warehouseman,concept,5,5,warehouseman,97145,Warehouse Porter,11,5,56.66,rescue,yes
missionary,concept,4,3,‘Social Missionary’ lecturer (1840-6),14130,Missionary,4,2,67.76,synonym,
fitter,concept,4,4,Mechanics’ Magazine (from 1869),84100,Machinery Fitters and Machine Assemblers,7,3,66.2,synonym,
mason,concept,4,3,"bricklayer (1853-9), then deputy foreman (to ",95120,Bricklayer (Construction),7,3,50,rescue,yes
soldier,term,4,4,"enlisted (1914), but invalided out",,,,,,ambiguous,yes
spinner,concept,4,4,rope-spinner,75220,"Spinner, Thread and Yarn",9,3,48.38,synonym,
actor,concept,3,3,actor,17320,Actor,4,2,63.79,synonym,
sent,term,3,3,Sent to live and work in a laundry at age 9,,,,,,none,yes
servant,concept,3,3,Civil servant (1909-33),54010,"Domestic Servant, General",9,3,41.43,synonym,
blacksmith,concept,3,3,Went to learn father’s trade of whitesmith at,83110,"Blacksmith, General",7,3,55.31,synonym,
gardener,concept,3,3,"assistant groom and gardener, and then an ind",62740,Gardener,12,5,53.25,synonym,
painter_artist,concept,3,3,gasometer painter,16130,"Painter, Artist",4,2,84.2,synonym,
publisher,concept,3,3,publisher of Vanity Fair,41020,Working Proprietor (Wholesale Trade),3,2,81.33,synonym,yes
partnership,term,3,3,entered into partnership with former employer,,,,,,none,yes
carpenter,concept,3,3,carpenter’s mate (1821),95410,"Carpenter, General",7,3,53.84,synonym,
butcher,concept,3,3,Butcher’s errand-boy,77940,Fish Butcher,9,3,58.74,rescue,yes
assisted,term,2,2,Assisted at home in raising young family,,,,,,none,yes
periods,term,2,2,"Employed for short periods in a shop, a stove",,,,,,none,yes
milkboy,term,2,2,milkboy,,,,,,none,yes
boy,term,2,2,‘boy of all work’ at a ‘lath-renders’ and at ,,,,,,none,yes
forced,term,2,2,Forced to start work at age 11 owing to decli,,,,,,none,yes
opened,term,2,2,opened own school (1828),,,,,,none,yes
joiner,concept,2,2,house-joiner (1844-6),95420,Construction Joiner,7,3,53.84,synonym,
stoker,term,2,2,stoker on merchant tramp steamer (1910),,,,,,none,yes
tramp,term,2,2,tramp,,,,,,none,yes
hawker,term,2,2,hawker of small wares,,,,,,none,yes
assisted father,term,2,2,Assisted father in brewing and gardening (183,,,,,,none,yes
put,term,2,2,"Was put to the bobbin-wheel at age 8, and to ",,,,,,none,yes
assist,term,2,2,Left school to assist in printing business ma,6420,Dental Assistant,5,2,59.29,keyword,yes
monitor,term,2,2,Appointed monitor (pupil-teacher) at South Si,,,,,,none,yes
leader,term,2,2,appointed leader of Stockport Theatre Royal O,,,,,,none,yes
farmer,concept,2,2,"tenant farmer, while continuing his distingui",61250,Dairy Farmer,8,4,50.88,rescue,yes
stable-boy,term,2,2,stable-boy (1757-60),,,,,,none,yes
checkweighman,term,2,2,checkweighman (from 1919),,,,,,none,yes
cabin-boy,term,2,2,cabin-boy,,,,,,none,yes
porter,concept,2,2,Supported self from very early age by taking ,97145,Warehouse Porter,11,5,56.66,synonym,yes
tailor,concept,2,2,Apprentice tailor in Germany,79100,"Tailor, Specialisation Unknown",7,3,53.02,rescue,yes
began,term,2,2,began to sell cheeses at the weekend (c.1815),,,,,,none,yes
head,term,2,2,Head of English Department at Aberdeen Gramma,53120,Head Cook,6,2,57.66,keyword,yes
full-time mill worker,term,2,2,full-time mill worker,77130,Rice Miller,7,3,62.7,keyword,yes
quarryman,term,2,2,quarryman in a conscientious objector’s camp ,71110,"Quarryman, General",9,3,58.34,keyword,yes
glasgow printshop,term,1,1,Employed in a Glasgow printshop,,,,,,none,yes
foreman,term,1,1,"foreman of print shop (for 7 years), then a m",22610,"Production Supervisor or Foreman, General",3,2,62.77,keyword,yes
editorial intelligence department,term,1,1,joined Editorial Intelligence Department of D,,,,,,none,yes
established bakunin press,term,1,1,"established the Bakunin Press (1907), publish",56070,Presser (Hand),9,3,55.97,keyword,yes
bottle factory,term,1,1,"Employed in a bottle factory at age 11, subse",99930,Factory Worker,11,5,55.31,keyword,yes
sorter,term,1,1,sorter (1892-?),,,,,,none,yes
most,term,1,1,spent most of his working life with the Post ,,,,,,none,yes
dress-maker,term,1,1,"dress-maker (from age 17), with own workroom ",79140,Dressmaker,7,3,59.72,exact,
charge,term,1,1,in charge of workroom from 1905,,,,,,none,yes
labour party woman,term,1,1,Labour Party Woman Organiser for Wales (1919-,99910,Labourer,11,5,57.34,keyword,yes
glamorgan health executive,term,1,1,appointed to the Glamorgan Health Executive C,7130,Public Health Nurse,4,2,69.15,keyword,yes
attendance officer,term,1,1,school attendance officer (1874-5),58320,Officer,1,1,95.41,keyword,yes
sanitary inspector,term,1,1,sanitary inspector (1875-90),13950,School Inspector,2,1,81.63,keyword,yes
obtained livelihood,term,1,1,and obtained a livelihood in old age by publi,,,,,,none,yes
he turning wheel,term,1,1,At age 8 he worked turning the wheel at a rop,75720,"Wheel Turner, Rope Making",9,3,50.74,keyword,yes
apprentice shipwright,term,1,1,"Apprentice shipwright, for 7 weeks only (1901",95440,Wood Shipwright,7,3,58.4,keyword,yes
carried milk,term,1,1,"Carried milk for dairy farmer, becoming full-",62520,Milker (Machine),10,5,48.34,keyword,yes
apprentice iron-moulder remaining,term,1,1,"apprentice iron-moulder, remaining a foundry ",,,,,,none,yes
apprentice soap-boiler,term,1,1,Apprentice soap-boiler (1786-94),,,,,,none,yes
imprisoned,term,1,1,imprisoned (1798-1801),,,,,,none,yes
apprentice brushmaker,term,1,1,apprentice brushmaker (c.1864/5-71?),,,,,,none,yes
resigned,term,1,1,resigned from Manchester Sunday Chronicle (18,,,,,,none,yes
organised,term,1,1,organised and conducted new school at Hemel H,,,,,,none,yes
keeper,term,1,1,"keeper in the Department of Ceramics, Victori",,,,,,none,yes
cellarlad,term,1,1,cellarlad in a steel-making furnace,,,,,,none,yes
bottle-washer,term,1,1,bottle-washer in a chemical laboratory,,,,,,none,yes
had,term,1,1,At age 5 had to assist in bread-winning by do,,,,,,none,yes
adopted literature profession,term,1,1,"adopted literature as his profession, contrib",13215,Languages and Literature Teacher (Second Level),2,1,85.23,keyword,yes
assisted mother,term,1,1,Assisted mother in making bread and working o,,,,,,none,yes
wine merchant,term,1,1,apprenticed to a wine merchant (1887-93),53240,Wine Waiter,9,3,64.27,keyword,yes
cellarman,term,1,1,cellarman,,,,,,none,yes
recited,term,1,1,recited and sang in a theatre (1799),,,,,,none,yes
adopted writing profession,term,1,1,"adopted writing as a profession, c.1799/1800,",7310,Professional Midwife,4,2,55.54,keyword,yes
mill half-timer,term,1,1,Started work at local mill as a half-timer at,77130,Rice Miller,7,3,62.7,keyword,yes
owner,term,1,1,owner of College Poultry Farm at Theale (1910,,,,,,none,yes
other jobs between,term,1,1,employed in various other jobs between the ag,53190,Other Cooks,11,5,57.75,keyword,yes
chemist s lad,term,1,1,chemist’s lad,1110,"Chemist, General",2,1,85.58,keyword,yes
street urchin,term,1,1,street urchin,45220,Street Vendor,11,5,51.9,keyword,yes
billiard marker,term,1,1,billiard marker,83250,Metal Marker,7,3,57.25,keyword,yes
card-cutting room,term,1,1,"Started work in a card-cutting room at age 6,",54050,Chambermaid and Room Attendant,11,5,62.2,keyword,yes
half-time little piecer,term,1,1,"half-time ‘little piecer’ from age 8-13, then",,,,,,none,yes
cotton operative but,term,1,1,"worked as a cotton operative until aged 28, b",75432,Cotton Weaver (Hand or Machine),9,3,52.84,keyword,yes
paper oldham operative,term,1,1,"started own (short-lived) paper, the Oldham O",95925,Paperhanger,9,3,63.56,keyword,yes
editorial staff,term,1,1,on editorial staff of the London Evening Stan,,,,,,none,yes
boot-cleaner,term,1,1,boot-cleaner and tap-polisher in an hotel,,,,,,none,yes
advertising agency,term,1,1,employed in an advertising agency and as a th,44230,Advertising Salesman,4,2,73.25,keyword,yes
office,term,1,1,spent 7 years in the office of a literary age,58320,Officer,1,1,95.41,keyword,yes
received commissions enabled,term,1,1,received commissions which enabled him to dev,,,,,,none,yes
headmaster,term,1,1,headmaster (1857-68),,,,,,none,yes
book deliverer,term,1,1,book deliverer,33120,Bookkeeping Clerk,4,2,76.13,keyword,yes
collector,term,1,1,collector of subscriptions for commercial mag,31020,Tax Collector,4,2,90.51,keyword,yes
debt collector,term,1,1,debt collector of subscriptions for the Ladie,31020,Tax Collector,4,2,90.51,keyword,yes
hatter,term,1,1,hatter (c.1864-5),,,,,,none,yes
inspector,term,1,1,inspector of stores for Great Eastern Railway,13950,School Inspector,2,1,81.63,keyword,yes
commenced pit-lad,term,1,1,Commenced work as a pit-lad,,,,,,none,yes
tasks underground trapper,term,1,1,employed at various tasks underground (trappe,71160,Underground Timberman,9,3,50.56,keyword,yes
donkey,term,1,1,donkey and pony-driver,,,,,,none,yes
pony-putting,term,1,1,pony-putting,,,,,,none,yes
jack-of-all-trades,term,1,1,jack-of-all-trades,,,,,,none,yes
- he sold,term,1,1,From age 10-14 he sold newspapers after schoo,87260,Solderer (Hand),7,3,60.31,keyword,yes
earned money,term,1,1,Earned first money at age 10 as a pavement ar,33150,Money Changer,5,2,76.13,keyword,yes
timber carter s,term,1,1,engaged at a timber carter’s (1801-3),71160,Underground Timberman,9,3,50.56,keyword,yes
chemical works but,term,1,1,"employed in chemical works (to 1820), but for",2510,"Chemical Engineer, General",2,1,84.26,keyword,yes
general shop,term,1,1,took a general shop at Plaistow (1820-56),45190,"Other Salesmen, Shop Assistants and Demonstrators",5,2,73.19,keyword,yes
journeyman but unsuccessful,term,1,1,"journeyman before 21, but unsuccessful due to",,,,,,none,yes
casual jobs,term,1,1,Employed in casual jobs on leaving school bef,,,,,,none,yes
firm,term,1,1,apprenticed with a firm of electrical contrac,,,,,,none,yes
member,term,1,1,member of National Coal Board (1946-7),,,,,,none,yes
piecer,term,1,1,piecer (1876),,,,,,none,yes
bolton evening news,term,1,1,"employed by Bolton Evening News, compiling Po",45240,News Vendor,11,5,56.72,keyword,yes
produced papers labour,term,1,1,"produced his own papers, the Labour Light (18",99910,Labourer,11,5,57.34,keyword,yes
catton factory times,term,1,1,employed by the Catton Factory Times (1892-6),99930,Factory Worker,11,5,55.31,keyword,yes
kept shop,term,1,1,kept a small shop in Blackpool (1906-?),45190,"Other Salesmen, Shop Assistants and Demonstrators",5,2,73.19,keyword,yes
father s farm,term,1,1,Worked on father’s farm,21230,Farm Manager,3,2,87.02,keyword,yes
began underground miner,term,1,1,"then began 42 years underground, first as a m",71160,Underground Timberman,9,3,50.56,keyword,yes
had accountant s,term,1,1,had own accountant’s office in Manchester (?-,11010,"Accountant, General",2,1,77.81,keyword,yes
supported sons,term,1,1,supported by sons in later life,,,,,,none,yes
edited,term,1,1,"edited and published various newspapers, incl",,,,,,none,yes
assist mother,term,1,1,Left school (c.1834) to assist mother at home,6420,Dental Assistant,5,2,59.29,keyword,yes
apprentice millwright,term,1,1,apprentice millwright (1837-41),,,,,,none,yes
journeyman millwright,term,1,1,journeyman millwright (1841-3),,,,,,none,yes
opened tea shop,term,1,1,opened tea shop with borrowed capital (1847-5,45190,"Other Salesmen, Shop Assistants and Demonstrators",5,2,73.19,keyword,yes
ran temperance hotel,term,1,1,ran a temperance hotel (1852-3),21420,Hotel and Restaurant Manager,1,1,87.02,keyword,yes
staff,term,1,1,employed on the staff of the Commonwealth (18,,,,,,none,yes
curator,term,1,1,curator of Anderson’s College and Museum (185,19140,Art Gallery and Museum Curator,2,1,87.02,keyword,yes
geological survey unit,term,1,1,joined the Geological Survey unit of the Civi,3020,Land Surveyor,4,2,78.43,keyword,yes
london rifle brigade,term,1,1,served in the London Rifle Brigade during Wor,,,,,,none,yes
colliery worker door-boy,term,1,1,"colliery worker as ‘door-boy’, labourer, repa",62970,Peat Worker,11,5,49.47,keyword,yes
wrote,term,1,1,"wrote and published articles on politics, eco",,,,,,none,yes
addressing envelopes,term,1,1,employed addressing envelopes (c.1929),,,,,,none,yes
ministry,term,1,1,"returned to the ministry (1939), and ordained",,,,,,none,yes
apprentice picture-framer,term,1,1,apprentice picture-framer (to age 20),,,,,,none,yes
milliner s,term,1,1,employed at a milliner’s,79390,Other Milliners and Hat Makers,9,3,61.29,keyword,yes
service,term,1,1,in service at a firm of leading Manchester me,43130,Technical Service Adviser,4,2,72.37,keyword,yes
public recitations,term,1,1,held public recitations,15960,Publicity Writer,2,1,80.5,keyword,yes
vocalist,term,1,1,vocalist,,,,,,none,yes
unemployed,term,1,1,unemployed in early 1890s but active in organ,,,,,,none,yes
ever since leaving,term,1,1,Ever since leaving school his occupation had ,,,,,,none,yes
building news,term,1,1,Building News (from 1862),93120,Building Painter,9,3,57.72,keyword,yes
interrupted military service,term,1,1,career interrupted by military service (1914-,58300,Military,9,3,59.45,keyword,yes
resumed former,term,1,1,resumed former job on discharge but from 1920,89100,"Glass Formers, Cutters, Grinders and Finishers",9,3,59.2,keyword,yes
employment,term,1,1,First employment was in a rope and twine fact,,,,,,none,yes
calico print works,term,1,1,then employed at calico print works (1833) an,92950,Textile Printer,7,3,64.66,keyword,yes
tramp',term,1,1,‘on the tramp',,,,,,none,yes
warper,term,1,1,warper (1845-6),,,,,,none,yes
headmistress,term,1,1,headmistress (1859),,,,,,none,yes
print shops,term,1,1,worked in various print shops in London until,92950,Textile Printer,7,3,64.66,keyword,yes
father accepting offer,term,1,1,"returned to work with father, before acceptin",,,,,,none,yes
opened office,term,1,1,opened an office in Southend in 1872,58320,Officer,1,1,95.41,keyword,yes
wrote fiction,term,1,1,wrote fiction and serial stories,,,,,,none,yes
reader,term,1,1,reader and general literary assistant (1853-4,39940,Proof Reader,5,2,71.8,keyword,yes
ship s steward,term,1,1,ship’s steward of the (1909-10),4240,Ship Pilot,4,2,66.47,keyword,yes
albion motor works,term,1,1,employed in the Albion Motor Works (1910-12/1,98540,Motor Bus Driver,9,3,59.36,keyword,yes
apprentice engraver,term,1,1,apprentice engraver (1882-9),89420,Glass Engraver,7,3,54.66,keyword,yes
factory worker,term,1,1,Factory worker at a gas meter manufactory (19,99930,Factory Worker,11,5,55.31,exact,
ship-boy,term,1,1,Ship-boy on a coaster,,,,,,none,yes
possessed two sinecures,term,1,1,possessed two sinecures as comptroller of the,,,,,,none,yes
commenced full-time,term,1,1,commenced full-time work for firm of locomoti,,,,,,none,yes
chorister,term,1,1,Chorister (1865-8),,,,,,none,yes
national telephone company,term,1,1,started work for the National Telephone Compa,38020,Telephone Switchboard Operator,9,3,60.66,keyword,yes
electrician,term,1,1,"became an electrician in 1884/5, eventually s",85510,"Electrician, General",7,3,64.79,keyword,yes
hours day going,term,1,1,Was working for 4 hours a day before going to,,,,,,none,yes
continued sweep playing,term,1,1,"continued as a sweep until age 14, also playi",55240,Chimney Sweep,11,5,55.09,keyword,yes
one chair-bottomer,term,1,1,worked for one year as a chair-bottomer in Ca,,,,,,none,yes
performed general caretaking,term,1,1,performed general caretaking duties at Whitti,,,,,,none,yes
chimney-sweeping,term,1,1,returned to chimney-sweeping and playing the ,,,,,,none,yes
theatres,term,1,1,employed at theatres in Blackpool and Southpo,,,,,,none,yes
drove plough,term,1,1,At age 9 drove plough for uncle and then work,,,,,,none,yes
surface-worker,term,1,1,"surface-worker at Dolcoath mine, dressing and",,,,,,none,yes
underground copper-miner -,term,1,1,underground copper-miner (1832-,71160,Underground Timberman,9,3,50.56,keyword,yes
upwards,term,1,1,upwards of 20 years),,,,,,none,yes
tributer,term,1,1,‘tributer’ (labouring for a certain portion o,,,,,,none,yes
scripture-reader,term,1,1,scripture-reader in Falmouth (from 1857),,,,,,none,yes
earn living errand-boy,term,1,1,Started to earn living as an errand-boy,,,,,,none,yes
apprentice iron-moulder,term,1,1,apprentice iron-moulder (from age 12),,,,,,none,yes
labour newspaper,term,1,1,worked for Labour newspaper in Newcastle (189,99910,Labourer,11,5,57.34,keyword,yes
e newcastle,term,1,1,E. Newcastle (1923),,,,,,none,yes
burnley,term,1,1,Burnley (1924-31),,,,,,none,yes
clay cross parliamentary,term,1,1,Clay Cross (1933-5). Parliamentary leader of ,89930,Clay Mixer,9,3,58.52,keyword,yes
teaching,term,1,1,"left teaching to study and practice medicine,",,,,,,none,yes
opened shop druggist,term,1,1,opened shop as druggist and stationer,45190,"Other Salesmen, Shop Assistants and Demonstrators",5,2,73.19,keyword,yes
evangelist,term,1,1,evangelist,,,,,,none,yes
pursued literary,term,1,1,pursued a literary career (1810-16),,,,,,none,yes
assisted parents,term,1,1,Assisted parents in hawking various wares (17,,,,,,none,yes
prompter,term,1,1,prompter at a Dublin theatre (1770-1),,,,,,none,yes
strolling player,term,1,1,strolling player in England and Scotland (177,,,,,,none,yes
foundry,term,1,1,left foundry in 1839 and made a living by sch,,,,,,none,yes
lather-boy,term,1,1,First job (at age 8) was as lather-boy in a b,,,,,,none,yes
collier,term,1,1,collier,,,,,,none,yes
president,term,1,1,elected president of South Wales Miners’ Fede,,,,,,none,yes
national coal production,term,1,1,appointed National Coal Production Officer (1,74925,CoalGas Maker,9,3,60.25,keyword,yes
assisted father mortar-boy,term,1,1,assisted father as mortar-boy and timekeeper ,,,,,,none,yes
launched private liberal,term,1,1,launched a private Liberal Registration and E,58240,Private Police Guard,5,2,61.25,keyword,yes
sought financial independence,term,1,1,sought financial independence by setting up A,,,,,,none,yes
edit imperial white,term,1,1,engaged to edit the Imperial White Books (188,15920,"Editor, Newspapers and Periodicals",2,1,82.12,keyword,yes
withdrew,term,1,1,withdrew from political life in 1895 and devo,,,,,,none,yes
machine-ruler,term,1,1,Machine-ruler at paper mill (1865-71),,,,,,none,yes
same trade,term,1,1,worked in same trade in various shops in Lond,45130,Retail Trade Salesperson,5,2,58.02,keyword,yes
silk mill,term,1,1,Started work in a silk mill (1730-7),77130,Rice Miller,7,3,62.7,keyword,yes
uncle stocking-maker,term,1,1,apprenticed to uncle as a stocking-maker (173,,,,,,none,yes
journeyman stockinger,term,1,1,journeyman stockinger,,,,,,none,yes
taught himself bookbinding,term,1,1,"taught himself bookbinding, and set himself u",,,,,,none,yes
invested money,term,1,1,invested money in business ventures and land ,33150,Money Changer,5,2,76.13,keyword,yes
occasional ramblings through,term,1,1,made ‘occasional ramblings’ through the neigh,,,,,,none,yes
chemist,term,1,1,apprenticed to a chemist when aged about 14,1110,"Chemist, General",2,1,85.58,keyword,yes
travelling salesmanfor chemist,term,1,1,travelling salesmanfor chemist,1110,"Chemist, General",2,1,85.58,keyword,yes
house governor,term,1,1,House Governor of Charing Cross Hospital (192,54020,House Servant,11,5,41.43,keyword,yes
uncle ironmonger,term,1,1,"Apprenticed to an uncle, an ironmonger (1 yea",,,,,,none,yes
began pit-face worker,term,1,1,"Began as a pit-face worker at age 12, and wor",62970,Peat Worker,11,5,49.47,keyword,yes
variously forester,term,1,1,also variously employed as a forester,,,,,,none,yes
door-boy,term,1,1,Door-boy at local colliery,,,,,,none,yes
collier-boy,term,1,1,collier-boy,,,,,,none,yes
haulier,term,1,1,haulier,,,,,,none,yes
engine cleaner,term,1,1,engine cleaner,2440,Marine Engineer,2,1,82.58,keyword,yes
violinist,term,1,1,violinist in music hall orchestra,,,,,,none,yes
rent-collector,term,1,1,rent-collector,,,,,,none,yes
newspaper-seller,term,1,1,Newspaper-seller,,,,,,none,yes
odd-jobs,term,1,1,odd-jobs,,,,,,none,yes
cook,term,1,1,cook and rope-boy on fishing smacks,53120,Head Cook,6,2,57.66,keyword,yes
ran tea business,term,1,1,ran a tea business,,,,,,none,yes
dominion,term,1,1,employed by the Dominion and the Evening Post,,,,,,none,yes
business newsagent,term,1,1,in business as a newsagent,,,,,,none,yes
half-time learner,term,1,1,"half-time learner in a cotton mill, and full-",,,,,,none,yes
chain-horse lad,term,1,1,chain-horse lad for the London and North West,,,,,,none,yes
carter,term,1,1,carter,,,,,,none,yes
capstan man,term,1,1,capstan man,,,,,,none,yes
accepted post,term,1,1,accepted post (in 1920) in the Political Inte,37030,Postman,9,3,58.52,keyword,yes
articled,term,1,1,was articled to a garment-dyer but soon left ,,,,,,none,yes
dyer,term,1,1,later employed as a dyer,75620,Yarn Dyer,9,3,58.68,keyword,yes
again,term,1,1,worked again for short time as office-boy bef,,,,,,none,yes
coal-heaver,term,1,1,"coal-heaver, in partnership with brother (to ",,,,,,none,yes
father-in-law s sawmill,term,1,1,employed in father-in-law’s sawmill and venee,,,,,,none,yes
re-elected,term,1,1,re-elected in 1922 and served until 1940,,,,,,none,yes
probationer,term,1,1,probationer for the Methodist ministry (1895),,,,,,none,yes
manufactured,term,1,1,manufactured and hawked plain and fancy vests,,,,,,none,yes
cow-minder,term,1,1,Cow-minder (1836),,,,,,none,yes
firework-maker,term,1,1,firework-maker,,,,,,none,yes
rural postboy,term,1,1,rural postboy,,,,,,none,yes
remaining,term,1,1,remaining in the tailoring trade for almost 7,,,,,,none,yes
wood-engraver,term,1,1,Apprenticed to a wood-engraver in 1828,,,,,,none,yes
established reputation best,term,1,1,established reputation as the best wood-engra,,,,,,none,yes
editorial,term,1,1,entered into various editorial and publishing,,,,,,none,yes
english republic,term,1,1,the English Republic,,,,,,none,yes
illuminated magazine,term,1,1,the Illuminated Magazine,,,,,,none,yes
pen,term,1,1,Pen and Pencil,,,,,,none,yes
shuttle-maker twister-in jobber,term,1,1,"subsequently worked as a shuttle-maker, ‘twis",,,,,,none,yes
apprentice rope-maker,term,1,1,Apprentice rope-maker (c.1814-21),,,,,,none,yes
fisherman,term,1,1,fisherman (one season),64120,DeepSea Fisherman,10,5,46.18,keyword,yes
cabinet-maker,term,1,1,cabinet-maker (to 1828),81120,Cabinetmaker,7,3,57.2,exact,
opened pastry,term,1,1,opened a pastry and confectionery shop (1828),77630,Pastry Maker,7,3,70.12,keyword,yes
storekeeper,term,1,1,storekeeper of London Co-operative Trading As,,,,,,none,yes
ran coffee-shop,term,1,1,ran a coffee-shop (1834-6),,,,,,none,yes
arrested,term,1,1,arrested and imprisoned on charge of seditiou,,,,,,none,yes
deck hand,term,1,1,deck hand and first engineer in the merchant ,4250,Marine Superintendent (Deck),3,2,51.95,keyword,yes
receipt,term,1,1,in receipt of a Civil List Pension,,,,,,none,yes
gang,term,1,1,joined a gang of potato-pickers in Scotland i,,,,,,none,yes
dundee cotton mill,term,1,1,Started work at an early age in a Dundee cott,75432,Cotton Weaver (Hand or Machine),9,3,52.84,keyword,yes
mines,term,1,1,went down the mines at age 10 (to 1870),,,,,,none,yes
apprentice tool-maker,term,1,1,apprentice tool-maker (1870-6),,,,,,none,yes
co-founder,term,1,1,co-founder and president of the International,,,,,,none,yes
abroad,term,1,1,spent many years abroad and travelling,,,,,,none,yes
cardroom,term,1,1,at age 8 was employed in the cardroom and thi,,,,,,none,yes
apprentice machine-grinder,term,1,1,apprentice machine-grinder (1838-43),,,,,,none,yes
journeyman grinder timekeeper,term,1,1,"journeyman grinder, timekeeper and foreman in",73320,Wood Grinder,9,3,56.7,keyword,yes
dentist,term,1,1,dentist (1861-),6310,"Dentist, General",2,1,89.61,keyword,yes
young,term,1,1,Started work at a young age for a whip-cord m,,,,,,none,yes
brick manufactory becoming,term,1,1,subsequently worked in a brick manufactory be,89360,Brick and Tile Kilnman,9,3,48.65,keyword,yes
bank accountant,term,1,1,bank accountant (1832-40),33140,Bank Teller,5,2,76.13,keyword,yes
ship s pilot,term,1,1,"subsequently worked as a ship’s pilot, cook a",4240,Ship Pilot,4,2,66.47,keyword,yes
switchboard operator,term,1,1,switchboard operator,38020,Telephone Switchboard Operator,9,3,60.66,keyword,yes
british council,term,1,1,worked for the British Council in Edinburgh (,,,,,,none,yes
warden,term,1,1,warden of Newbattle Abbey (1950-5),,,,,,none,yes
barrister middle temple,term,1,1,"barrister, Middle Temple (1881)",,,,,,none,yes
dean,term,1,1,"Dean of Faculty of Laws, University of London",,,,,,none,yes
combined schooling,term,1,1,Combined schooling with hawking bread and cak,,,,,,none,yes
representative,term,1,1,representative of the Communist Party of Grea,,,,,,none,yes
cooper,term,1,1,cooper,81930,Cooper,7,3,53.81,exact,
sawyer,term,1,1,sawyer,73210,"Sawyer, General",9,3,57.06,keyword,yes
miner,term,1,1,miner,71105,"Miner, General",9,3,50.56,keyword,yes
master basket-maker combined,term,1,1,"master basket-maker (1882-96), combined with ",4215,Ship's Master (Sea),3,2,78.25,keyword,yes
account,term,1,1,and on own account at age 19 running a small ,11010,"Accountant, General",2,1,77.81,keyword,yes
writing letterpress,term,1,1,employed writing the letterpress and many of ,,,,,,none,yes
supported himself miscellaneous,term,1,1,subsequently supported himself by miscellaneo,,,,,,none,yes
newspaper office nominally,term,1,1,"First job was in a newspaper office, nominall",15920,"Editor, Newspapers and Periodicals",2,1,82.12,keyword,yes
abandoned trade,term,1,1,abandoned this trade by age of 16 to work as ,45130,Retail Trade Salesperson,5,2,58.02,keyword,yes
domestic workers,term,1,1,"Took work to domestic workers for mother, who",54010,"Domestic Servant, General",9,3,41.43,keyword,yes
cutter,term,1,1,cutter in a stay factory (1853-7),77330,Meat Cutter,9,3,58.74,keyword,yes
ropewalk,term,1,1,Started work in a ropewalk (1870-86),,,,,,none,yes
bound apprentice,term,1,1,bound apprentice to father,,,,,,none,yes
tramping,term,1,1,‘tramping’,,,,,,none,yes
flour mill,term,1,1,employed in flour mill at Watford,77130,Rice Miller,7,3,62.7,keyword,yes
business,term,1,1,in business for a short time selling grocerie,,,,,,none,yes
one,term,1,1,worked for one year for the London and North ,,,,,,none,yes
shaping iron,term,1,1,"employed shaping iron at the Canada Works, ne",81250,Wood ShapingMachine SetterOperator,9,3,54.38,keyword,yes
rented shop,term,1,1,rented a shop and started in business as a bo,45190,"Other Salesmen, Shop Assistants and Demonstrators",5,2,73.19,keyword,yes
obtained income publishing,term,1,1,"obtained small income by publishing books, se",,,,,,none,yes
crewe railway works,term,1,1,employed at Crewe Railway Works and then at B,39960,Railway Clerk,5,2,61.4,keyword,yes
opened shop,term,1,1,opened a small shop for the sale of periodica,45190,"Other Salesmen, Shop Assistants and Demonstrators",5,2,73.19,keyword,yes
uncle hosier,term,1,1,apprenticed to uncle as a hosier (1822- 29?),75535,Hosiery Knitter (Hand),9,3,50.74,keyword,yes
newspaper director,term,1,1,newspaper director,15920,"Editor, Newspapers and Periodicals",2,1,82.12,keyword,yes
skilled rickmaker,term,1,1,skilled rickmaker and thatcher,,,,,,none,yes
gamekeeper,term,1,1,gamekeeper (c.1797),,,,,,none,yes
land-surveyor,term,1,1,land-surveyor,,,,,,none,yes
patent medecine vender,term,1,1,‘Patent Medecine Vender’,,,,,,none,yes
licentiate,term,1,1,became a licentiate of the Church of Scotland,,,,,,none,yes
confined,term,1,1,"confined to Crichton Royal Institution, Dumfr",,,,,,none,yes
discharge he led,term,1,1,on his discharge he led the life of a recluse,,,,,,none,yes
ordained deacon,term,1,1,ordained deacon (1859),,,,,,none,yes
compelled,term,1,1,compelled to give up curacy in 1861,,,,,,none,yes
sandwich-boy,term,1,1,sandwich-boy,,,,,,none,yes
indoor,term,1,1,indoor work at firm of stationers (from 1860),,,,,,none,yes
vellum-binder,term,1,1,vellum-binder (to 1884),,,,,,none,yes
workshop,term,1,1,returned to the workshop in 1887 as foreman o,87430,Structural Steel Worker (Workshop),7,3,61.08,keyword,yes
editorial proof-reader,term,1,1,editorial proof-reader,,,,,,none,yes
money-lender,term,1,1,for a money-lender,,,,,,none,yes
street-seller,term,1,1,street-seller,,,,,,none,yes
general,term,1,1,general and day nurse,,,,,,none,yes
motor-van boy,term,1,1,motor-van boy,,,,,,none,yes
laboured,term,1,1,laboured at a chemical factory (for 3 years),,,,,,none,yes
mould runner,term,1,1,Started work as a ‘mould runner’ for a ‘muffi,72540,Moulder (Machine),9,3,56.33,keyword,yes
handle-maker,term,1,1,handle-maker in pot works,,,,,,none,yes
toy-maker,term,1,1,toy-maker at manufactory in Burslem (1842-?),,,,,,none,yes
domestic poverty caused,term,1,1,Domestic poverty caused author to work at ear,54010,"Domestic Servant, General",9,3,41.43,keyword,yes
sentence,term,1,1,served out his sentence on a farm in Wales (1,,,,,,none,yes
living,term,1,1,made a living from writing and propaganda wor,,,,,,none,yes
soap-box orator,term,1,1,soap-box orator (1937-),,,,,,none,yes
managed,term,1,1,"Managed, with her brother, a grocery and prov",,,,,,none,yes
lime-kiln worker,term,1,1,lime-kiln worker,62970,Peat Worker,11,5,49.47,keyword,yes
wood sawyer,term,1,1,wood sawyer (1827),73270,Wood Grader,9,3,57.06,keyword,yes
drain-digger,term,1,1,drain-digger,,,,,,none,yes
stone quarry worker,term,1,1,stone quarry worker,82030,Stone Grader,9,3,61.65,keyword,yes
learner,term,1,1,‘Learner’ at sawmills (1856-61),,,,,,none,yes
saw-operator,term,1,1,saw-operator and general superintendent at sa,,,,,,none,yes
sidney,term,1,1,"worked with Sidney and Beatrice Webb, researc",,,,,,none,yes
hm inspector,term,1,1,HM Inspector of Schools (1912-22),13950,School Inspector,2,1,81.63,keyword,yes
inspector under london,term,1,1,Chief Inspector under the London Education Co,13950,School Inspector,2,1,81.63,keyword,yes
beaverbrook press,term,1,1,employed by the Beaverbrook Press (1931-),56070,Presser (Hand),9,3,55.97,keyword,yes
newspaper office,term,1,1,Left school at age 13 to work in a newspaper ,15920,"Editor, Newspapers and Periodicals",2,1,82.12,keyword,yes
moved,term,1,1,moved from there to a glass works,,,,,,none,yes
moulder,term,1,1,served his time as a moulder,72540,Moulder (Machine),9,3,56.33,keyword,yes
magazine,term,1,1,then employed by a magazine and newspaper com,,,,,,none,yes
assisted aunt kept,term,1,1,assisted aunt who kept a farm and an inn,,,,,,none,yes
fought,term,1,1,fought in the American Civil War (1861-5),,,,,,none,yes
established world-wide reputation,term,1,1,established world-wide reputation as an explo,,,,,,none,yes
half-time shifter,term,1,1,"Half-time ‘shifter’ in a jute mill, combined ",,,,,,none,yes
full-time activist,term,1,1,full-time activist for the Prohibition and Re,,,,,,none,yes
apprentice bookbinder,term,1,1,Apprentice bookbinder (1827-34),92620,Bookbinder (Hand),7,3,62.36,keyword,yes
earn living,term,1,1,Started to earn own living at age 8 by sellin,,,,,,none,yes
postman,term,1,1,postman (c.1910),37030,Postman,9,3,58.52,exact,
policeman,concept,1,1,joined the British South Africa Police in 191,58225,Military Policeman,4,2,58.36,rescue,yes
occupations,term,1,1,employed in various occupations in South Afri,,,,,,none,yes
public orator living,term,1,1,"public orator, making a living from collectio",15960,Publicity Writer,2,1,80.5,keyword,yes
fortune-teller,term,1,1,fortune-teller,,,,,,none,yes
quack doctor,term,1,1,‘quack’ doctor and birth-control advocate (19,39430,Doctor's or Dentist's Receptionist,5,2,71.8,keyword,yes
platform advocate,term,1,1,returned to platform as advocate of revolutio,,,,,,none,yes
abandoned open socialist,term,1,1,abandoned the open socialist platform to spea,97355,OpeningBridge Operator,9,3,56.2,keyword,yes
broadcaster,term,1,1,broadcaster,,,,,,none,yes
yorkshire factory times,term,1,1,from 1889 was employed on the Yorkshire Facto,99930,Factory Worker,11,5,55.31,keyword,yes
shoe shop,term,1,1,in a shoe shop,80130,Shoe Repairer,7,3,62.54,keyword,yes
mackintosh cloth factory,term,1,1,in a mackintosh cloth factory,75430,Cloth Weaver (Hand),9,3,50.74,keyword,yes
grimsby trawler,term,1,1,on a Grimsby trawler,,,,,,none,yes
milk roundsman,term,1,1,as a milk roundsman,62520,Milker (Machine),10,5,48.34,keyword,yes
road-maker,term,1,1,road-maker,,,,,,none,yes
full-timer,term,1,1,full-timer (1878-80),,,,,,none,yes
part-time errand-boy,term,1,1,Part-time errand-boy,,,,,,none,yes
garden-boy,term,1,1,garden-boy (1880),,,,,,none,yes
apprentice builder remaining,term,1,1,"apprentice builder (1882), remaining in the s",94160,Organ Builder,7,3,55.61,keyword,yes
tea broker s,term,1,1,Employed in a tea broker’s establishment (189,44140,Stock Broker,4,2,84.08,keyword,yes
leather-bag maker,term,1,1,leather-bag maker (1895-1904),77840,Yeast Maker,9,3,62.65,keyword,yes
chapel,term,1,1,"Principal of the Chapel of the Opened Book, F",,,,,,none,yes
position,term,1,1,rose to position of undermanager in the mill,,,,,,none,yes
mill part-time leaving,term,1,1,returned to work in the mill part-time after ,77130,Rice Miller,7,3,62.7,keyword,yes
joint managing director,term,1,1,"joint managing director of Peace News, to whi",85700,Electric Linemen and Cable Jointers,7,3,58.86,keyword,yes
post office employee,term,1,1,post office employee (c.1873-1887),37030,Postman,9,3,58.52,keyword,yes
pit door-boy,term,1,1,Started work in the pit as a door-boy before ,,,,,,none,yes
pony-driver,term,1,1,"a pony-driver by the age of 12, and a ‘full-b",,,,,,none,yes
button-cobber,term,1,1,"Employed as a button-cobber at age 7, followe",,,,,,none,yes
rule-maker,term,1,1,apprenticed to a rule-maker for 8 1/2 years (,,,,,,none,yes
rule-maker entering partnership,term,1,1,worked for a time as a rule-maker before ente,,,,,,none,yes
undertook business ventures,term,1,1,undertook various business ventures,,,,,,none,yes
direotor,term,1,1,was also a direotor of two public companies,,,,,,none,yes
silk hatter,term,1,1,silk hatter (from age 14),,,,,,none,yes
began very young,term,1,1,Began work ‘when very young milking cows’‚ th,,,,,,none,yes
comber,term,1,1,comber,75145,Fibre Comber,9,3,58.29,keyword,yes
finally expert horticulturalist,term,1,1,"and, finally, as an expert horticulturalist",,,,,,none,yes
boy steward cook,term,1,1,"worked for 11 years as a boy steward, cook an",54060,Ship's Steward,5,2,41.45,keyword,yes
royal naval reserve,term,1,1,served for 5 years in the Royal Naval Reserve,,,,,,none,yes
opened cook shop,term,1,1,opened a small ‘cook shop’ in Monkwearmouth (,53120,Head Cook,6,2,57.66,keyword,yes
opened wilson s,term,1,1,opened ‘Wilson’s Temperance Hotel and Dining ,,,,,,none,yes
player,term,1,1,player with a travelling theatre company,,,,,,none,yes
itinerant showman,term,1,1,itinerant showman,,,,,,none,yes
volunteer,term,1,1,Volunteer,,,,,,none,yes
pattern-dresser,term,1,1,pattern-dresser (1 year),,,,,,none,yes
warp-sizing inspector,term,1,1,warp-sizing inspector,13950,School Inspector,2,1,81.63,keyword,yes
bum bailiff,term,1,1,‘bum’ bailiff to an auctioneer,,,,,,none,yes
inventor,term,1,1,inventor,,,,,,none,yes
