aid,annee,structure,categorie,sequence,poids
university_of_london,1836,A,controle,A,0.2
university_of_london,1858,A,controle,A,0.45
university_of_london,1900,A,controle,A,0.6
university_of_london,1966,A,controle,A,0.6
cambridge_university,1820,A,controle,A,0.5
cambridge_university,1900,A,controle,A,0.55
cambridge_university,1966,A,controle,A,0.55
st_andrews_university,1820,A,controle,A,0.45
st_andrews_university,1900,A,controle,A,0.5
st_andrews_university,1966,A,controle,A,0.5
harvard_university,1955,A,controle,A,0.45
harvard_university,1966,A,controle,A,0.5
university_college,1826,A,controle,A,0.3
university_college,1860,A,controle,A,0.45
university_college,1966,A,controle,A,0.48
city_of_london_college,1848,A,controle,A,0.25
city_of_london_college,1900,A,controle,A,0.42
city_of_london_college,1966,A,controle,A,0.42
reading_university_college,1892,A,controle,A,0.25
reading_university_college,1926,A,controle,A,0.45
reading_university_college,1966,A,controle,A,0.45
anderson_s_college_and_museu,1796,A,controle,A,0.3
anderson_s_college_and_museu,1850,A,controle,A,0.42
anderson_s_college_and_museu,1966,A,controle,A,0.42
bible_training_college,1882,A,controle,A,0.25
bible_training_college,1910,A,controle,A,0.4
bible_training_college,1966,A,controle,A,0.38
aberdeen_grammar_school,1820,A,controle,A,0.32
aberdeen_grammar_school,1966,A,controle,A,0.35
shrewsbury_school,1820,A,controle,A,0.32
shrewsbury_school,1966,A,controle,A,0.35
secular_review,1876,A,controle,D,0.2
secular_review,1882,A,controle,D,0.42
secular_review,1888,A,controle,D,0.15
victoria_and_albert_museum,1852,A,controle,D,0.2
victoria_and_albert_museum,1880,A,controle,D,0.38
victoria_and_albert_museum,1909,A,controle,D,0.45
victoria_and_albert_museum,1966,A,controle,D,0.45
elizabethan_literary_society,1884,A,controle,D,0.3
elizabethan_literary_society,1910,A,controle,D,0.4
elizabethan_literary_society,1940,A,controle,D,0.3
elizabethan_literary_society,1966,A,controle,D,0.22
manchester_literary_club,1862,A,controle,D,0.3
manchester_literary_club,1900,A,controle,D,0.42
manchester_literary_club,1966,A,controle,D,0.36
national_secular_society,1866,A,controle,D,0.28
national_secular_society,1885,A,controle,D,0.4
national_secular_society,1915,A,controle,D,0.35
national_secular_society,1966,A,controle,D,0.28
leicester_secular_society,1851,A,controle,D,0.25
leicester_secular_society,1881,A,controle,D,0.38
leicester_secular_society,1920,A,controle,D,0.3
leicester_secular_society,1966,A,controle,D,0.22
oddfellows_sunday_school,1838,A,controle,D,0.25
oddfellows_sunday_school,1880,A,controle,D,0.32
oddfellows_sunday_school,1930,A,controle,D,0.25
oddfellows_sunday_school,1966,A,controle,D,0.18
sunday_school_times,1875,A,controle,D,0.25
sunday_school_times,1900,A,controle,D,0.32
sunday_school_times,1940,A,controle,D,0.22
sunday_school_times,1966,A,controle,D,0.16
temperance_and_general_provi,1840,C,controle,D,0.22
temperance_and_general_provi,1880,C,controle,D,0.35
temperance_and_general_provi,1920,C,controle,D,0.4
temperance_and_general_provi,1966,C,controle,D,0.4
financial_times,1888,D,controle,C,0.2
financial_times,1900,D,controle,C,0.3
financial_times,1920,D,controle,C,0.4
financial_times,1945,D,controle,C,0.5
financial_times,1966,D,controle,C,0.5
reuters,1851,D,controle,D,0.25
reuters,1865,D,controle,D,0.5
reuters,1900,D,controle,D,0.7
reuters,1945,D,controle,D,0.7
reuters,1966,D,controle,D,0.65
parliamentary_oversight_illus,1870,B,controle,B,0.4
parliamentary_oversight_illus,1920,B,controle,B,0.48
parliamentary_oversight_illus,1966,B,controle,B,0.45
royal_commission_illus,1860,B,controle,D,0.35
royal_commission_illus,1900,B,controle,D,0.42
royal_commission_illus,1966,B,controle,D,0.38
ayr_observer,1839,D,aspirant,D,0.12
ayr_observer,1862,D,aspirant,D,0.5
ayr_observer,1897,D,aspirant,D,0.08
bakunin_press,1907,A,conservateur,D,0.12
bakunin_press,1921,A,conservateur,D,0.55
bakunin_press,1942,A,conservateur,D,0.08
barnsley_chronicle,1873,D,aspirant,D,0.12
barnsley_chronicle,1889,D,aspirant,D,0.4
barnsley_chronicle,1912,D,aspirant,D,0.08
beaverbrook_press,1931,D,aspirant,D,0.12
beaverbrook_press,1945,D,aspirant,D,0.4
beaverbrook_press,1966,D,aspirant,D,0.08
ben_brierley_s_journal,1869,A,etabli,A,0.12
ben_brierley_s_journal,1891,A,etabli,A,0.55
ben_brierley_s_journal,1924,A,etabli,A,0.08
birmingham_advertiser,1839,D,aspirant,D,0.12
birmingham_advertiser,1853,D,aspirant,D,0.4
birmingham_advertiser,1874,D,aspirant,D,0.08
blackpool_echo,1896,D,aspirant,D,0.12
blackpool_echo,1912,D,aspirant,D,0.4
blackpool_echo,1936,D,aspirant,D,0.08
bradford_observer,1860,D,aspirant,D,0.12
bradford_observer,1875,D,aspirant,D,0.6
bradford_observer,1898,D,aspirant,D,0.08
brighton_guardian,1878,D,aspirant,D,0.12
brighton_guardian,1901,D,aspirant,D,0.6
brighton_guardian,1936,D,aspirant,D,0.08
building_news,1862,D,aspirant,D,0.12
building_news,1878,D,aspirant,D,0.45
building_news,1903,D,aspirant,D,0.08
catton_factory_times,1892,D,aspirant,D,0.12
catton_factory_times,1910,D,aspirant,D,0.4
catton_factory_times,1936,D,aspirant,D,0.08
cheap_and_honest_press,1836,A,conservateur,D,0.12
cheap_and_honest_press,1850,A,conservateur,D,0.45
cheap_and_honest_press,1872,A,conservateur,D,0.08
cheshire_observer,1854,D,aspirant,D,0.12
cheshire_observer,1874,D,aspirant,D,0.55
cheshire_observer,1903,D,aspirant,D,0.08
communist_chronicle,1846,D,aspirant,D,0.12
communist_chronicle,1868,D,aspirant,D,0.55
communist_chronicle,1902,D,aspirant,D,0.08
cotton_factory_times,1885,D,aspirant,D,0.12
cotton_factory_times,1900,D,aspirant,D,0.45
cotton_factory_times,1923,D,aspirant,D,0.08
daily_chronicle,1906,D,aspirant,D,0.12
daily_chronicle,1926,D,aspirant,D,0.5
daily_chronicle,1956,D,aspirant,D,0.08
daily_citizen,1912,D,aspirant,D,0.12
daily_citizen,1927,D,aspirant,D,0.5
daily_citizen,1949,D,aspirant,D,0.08
daily_herald,1929,D,aspirant,D,0.12
daily_herald,1944,D,aspirant,D,0.55
daily_herald,1966,D,aspirant,D,0.08
glasgow_news,1873,D,aspirant,D,0.12
glasgow_news,1891,D,aspirant,D,0.5
glasgow_news,1918,D,aspirant,D,0.08
industrial_syndicalist,1910,D,aspirant,D,0.12
industrial_syndicalist,1932,D,aspirant,D,0.55
industrial_syndicalist,1964,D,aspirant,D,0.08
keighley_labour_journal,1893,D,aspirant,D,0.12
keighley_labour_journal,1908,D,aspirant,D,0.6
keighley_labour_journal,1930,D,aspirant,D,0.08
kilmarnock_chronicle,1831,D,aspirant,D,0.12
kilmarnock_chronicle,1847,D,aspirant,D,0.55
kilmarnock_chronicle,1871,D,aspirant,D,0.08
london_evening_standard,1919,D,aspirant,D,0.12
london_evening_standard,1938,D,aspirant,D,0.6
london_evening_standard,1966,D,aspirant,D,0.08
manchester_guardian,1917,D,aspirant,D,0.12
manchester_guardian,1937,D,aspirant,D,0.4
manchester_guardian,1966,D,aspirant,D,0.08
manchester_sunday_chronicle,1891,A,etabli,A,0.12
manchester_sunday_chronicle,1913,A,etabli,A,0.6
manchester_sunday_chronicle,1945,A,etabli,A,0.08
mechanics_magazine,1869,A,etabli,A,0.12
mechanics_magazine,1889,A,etabli,A,0.45
mechanics_magazine,1920,A,etabli,A,0.08
montrose_review,1920,A,etabli,A,0.12
montrose_review,1938,A,etabli,A,0.45
montrose_review,1966,A,etabli,A,0.08
municipal_journal,1918,A,etabli,A,0.12
municipal_journal,1937,A,etabli,A,0.5
municipal_journal,1966,A,etabli,A,0.08
new_britain_quarterly,1932,A,etabli,A,0.12
new_britain_quarterly,1946,A,etabli,A,0.5
new_britain_quarterly,1966,A,etabli,A,0.08
newcastle_weekly_chronicle,1864,D,aspirant,D,0.12
newcastle_weekly_chronicle,1879,D,aspirant,D,0.45
newcastle_weekly_chronicle,1901,D,aspirant,D,0.08
oldham_express,1904,D,aspirant,D,0.12
oldham_express,1924,D,aspirant,D,0.55
oldham_express,1955,D,aspirant,D,0.08
oldham_operative,1884,D,aspirant,D,0.12
oldham_operative,1902,D,aspirant,D,0.6
oldham_operative,1928,D,aspirant,D,0.08
railway_review,1897,D,aspirant,D,0.12
railway_review,1914,D,aspirant,D,0.4
railway_review,1940,D,aspirant,D,0.08
rand_daily_mail,1902,D,aspirant,D,0.12
rand_daily_mail,1924,D,aspirant,D,0.45
rand_daily_mail,1956,D,aspirant,D,0.08
sunday_worker,1921,A,etabli,A,0.12
sunday_worker,1937,A,etabli,A,0.5
sunday_worker,1961,A,etabli,A,0.08
teddy_ashton_s_journal,1896,A,etabli,A,0.12
teddy_ashton_s_journal,1914,A,etabli,A,0.4
teddy_ashton_s_journal,1941,A,etabli,A,0.08
workman_s_times,1891,D,aspirant,D,0.12
workman_s_times,1905,D,aspirant,D,0.55
workman_s_times,1926,D,aspirant,D,0.08
yorkshire_factory_times,1889,D,aspirant,D,0.12
yorkshire_factory_times,1903,D,aspirant,D,0.45
yorkshire_factory_times,1924,D,aspirant,D,0.08
